Noongar Word,English Translation,Pronunciation (approx.),Word Type
ali,there,ahlee,pronoun
alidja,"there, that distant one",ahleejah,pronoun
aliny,that one,ahleeny,pronoun
alitj,look out over there,ahleetj,phrase
aliwa,Look Out! Danger!,ahleewah,phrase
ana,"confirming, acknowledging",ahnah,verb
am,over,ahm,adverb
awoon,"joking, jovial person",ahwoon,verb
baakan,bite it,bahahkahn,verb
baakininy,biting it,bahahkeeneeny,verb
baal,"she, he, it",bahahl,pronoun
baalabiny,theirs,bahahlahbeeny,pronoun
baaminy,hitting it,bahahmeeny,verb
baat,water rushes,bahaht,noun
babanginy,lightning,bahbahngeeny,verb
babitj,bat,bahbeetj,noun
bada mandoo,sunbeams,bahdah mahndoo,noun
bakadjoo,fight,bahkahjoo,verb
bakan,"hurt it, bite it",bahkahn,verb
bakiny,touching it,bahkeeny,verb
bal,"touching it, touch it",bahl,verb
baladjin,assault (to),bahlahjeen,verb
balak,naked,bahlahk,adjective
balang,"many, they, them",bahlahng,adjective
balanginy,"track it, (to pursue)",bahlahngeeny,verb
balap,"his, hers, its",bahlahp,pronoun
balatj,"Look out!, Beware!",bahlahtj,phrase
balayi,look out!,bahlahyee,phrase
baldja,firmly united,bahljah,noun
baliny,touching it,bahleeny,verb
balka,blackboy,bahlkah,noun
balkart,ankle (inside),bahlkahrt,adverb
baloong,them,bahloong,noun
balyan,"damp, wet",bahlyahn,adjective
balyat,little creature that looks like a person,bahlyaht,adjective
balyoongar,sand soil,bahlyoongahr,noun
balyoongar,eucalyptus (glaucus leaf),bahlyoongahr,noun
bambala,cataract (film over eye),bahmbahlah,adverb
baminy,"hit hard, killing it",bahmeeny,verb
bandak,outdoors,bahndahk,adverb
bandjar,patient,bahnjahr,adjective
bandji,man who buys womens favours,bahnjee,noun
bangal,"left behind, stopped behind",bahngahl,noun
bangalanga,"barter, exchange",bahngahlahngah,noun
bankot,marsupial rat with long tail,bahnkot,noun
barak,"intestine, sheep runners",bahrahk,noun
barang,get it / bring it,bahrahng,phrase
baranga,totem (Taboo on meat),bahrahngah,noun
baranginy,"poking it, getting it",bahrahngeeny,verb
bardang,"Run away!, Flee!",bahrdahng,phrase
bardook,"near, not far",bahrdook,adjective
barl-barl,noise of hitting,bahrl-bahrl,verb
barlanginy,"bounding, hopping",bahrlahngeeny,verb
barn,"walk, crawl",bahrn,noun
barna,stray animal,bahrnah,noun
barnap,orphan,bahrnahp,noun
barndi,bream,bahrndee,noun
barniny,crawling,bahrneeny,verb
barongoolat,bring it,bahrongoolaht,verb
barp,forehead,bahrp,noun
bay,buttock,bahy,noun
bayiny,wild fig (pigface),bahyeeny,noun
bedik-bedik,gently,behdeek-behdeek,adjective
ben,"daylight, light",behn,adverb
benang,tomorrow,behnahng,adverb
benang-benang,"sometime, some day",behnahng-behnahng,adverb
benanginy,"scratching it, pinching it",behnahngeeny,verb
beyirmi,vagina,behyeermee,noun
bib,breast,beeb,adverb
bibdjool,gecko (lizard),beebjool,noun
bibi,breast,beebee,adverb
bibolman,south west tribe,beebolmahn,adverb
bibool,paper,beebool,noun
bidang,feathers worn in hair as an ornament,beedahng,noun
bidi,path,beedee,noun
bidik-bidik,quietly,beedeek-beedeek,adjective
bidit,ant,beedeet,noun
bila,tailer (fish),beelah,noun
bilang,roll over (to),beelahng,verb
bilara,"leaf (dead, dry)",beelahrah,noun
bily,"navel, umbilicus",beely,noun
bilya,river,beelyah,noun
bilying,rock (white quartz used for fire making),beelyeeng,verb
bina,light of the morning,beenah,verb
binar,meteor,beenahr,noun
bindi-bindi,moth,beendee-beendee,noun
birayit,daylight,beerahyeet,adverb
birbininy,squirting water,beerbeeneeny,verb
birdidjit,mallee (red),beerdeejeet,noun
birdiya,boss,beerdeeyah,noun
biri,"finger, fingernails, toenails",beeree,verb
birit,sinew,beereet,noun
birninykoo,same generation,beerneenykoo,noun
birnt,death cloud / stick for pinning coat (skewer),beernt,phrase
biyoo,awake,beeyoo,adjective
bokadja,over there,bokahjah,adverb
bonoo,stick,bonoo,noun
booda,by and by,boodah,phrase
boodawan,soon,boodahwahn,phrase
boodjari,pregnant,boojahree,noun
boodjark,maggots,boojahrk,noun
boodjera,"earth, ground, sand plain",boojehrah,noun
boodjiny,argentine ant (small and black),boojeeny,adjective
boodjoorabiny,becoming dusty,boojoorahbeeny,verb
booka,"coat, cloak made from kangaroo skin",bookah,noun
bookal,lower back,bookahl,adjective
bookarl,sore,bookahrl,adjective
bookart yen,away,bookahrt yehn,adverb
bookootj woorar,far,bookootj woorahr,adjective
boola,"many, plenty",boolah,adjective
boolarang,"lots of, plenty of",boolahrahng,adjective
booliyak,"cow, cattle",booleeyahk,noun
boolkoo,tobacco,boolkoo,noun
boololo,ant,boololo,noun
boolyaka,"leaving, diarrhoea (gut ache)",boolyahkah,verb
boonap,orphan,boonahp,noun
bondo,"truly, true.",bondo,adjective
boongari,south,boongahree,adverb
boongarn,unmarried girl,boongahrn,noun
boongoorang,"shaking, blowing (in the wind)",boongoorahng,verb
boonitj,knee,booneetj,noun
boorda,later on,boordah,phrase
boorda boordak,later on,boordah boordahk,phrase
boorda warang,later on,boordah wahrahng,phrase
boordja,soon,boorjah,phrase
boordoon,light straight spear,boordoon,noun
boorn,stick from tree,boorn,noun
boorn wordiny,throwing a stick,boorn wordeeny,verb
boorna,stick,boornah,noun
boorndoong,money,boorndoong,noun
boornoo wangkiny,"stick talking, (message stick)",boornoo wahngkeeny,verb
boororo,neck band made of possum hair,boororo,noun
boort,none,boort,adjective
booyi,smoke / long necked tortoise,booyee,phrase
bor,boy,bor,noun
borang,eldest child,borahng,noun
borbiny,passing wind,borbeeny,verb
borl,noise of hitting,borl,verb
borl worl,quietly,borl worl,adjective
born,cut,born,noun
borniny,cutting,borneeny,verb
borong,"oldest man, oldest girl",borong,adjective
boroong,rain,boroong,noun
borp,pass wind (fart),borp,verb
boya,"money, rock, stone, (white quartz for fire making)",boyah,verb
boya warbiny,gamble for money,boyah wahrbeeny,verb
boyal,east,boyahl,adverb
bwoka,"cloak, coat (made from kangaroo skin)",bwokah,noun
bwokoot,bag,bwokoot,noun
bwora,inside,bworah,adverb
bworan,old man,bworahn,adjective
daadja,meat,dahahjah,noun
daaliny,"flame, (tongue of fire)",dahahleeny,noun
daaly,spit,dahahly,noun
dabakarn,"take it easy, slow",dahbahkahrn,phrase
dabakarn koorliny,"go slowly, walk slowly",dahbahkahrn koorleeny,phrase
darnt,ankle (outside),dahrnt,noun
darp,knife,dahrp,noun
dely,"spit, saliva",dehly,noun
deman,cousin,dehmahn,noun
dert,vagina,dehrt,noun
dil,crayfish found in swamps,deel,noun
dilabert,wading bird,deelahbehrt,verb
dilert,"lizard, (blue tongue)",deelehrt,noun
diliboort,mud-lark,deeleeboort,noun
dilyniny,spitting,deelyneeny,verb
dirdong,spring time,deerdong,noun
dirl-dirl,"plover, bell bird",deerl-deerl,adverb
diyirn,star (s),deeyeern,noun
djaa,"mouth, tongue, lips",jahah,noun
djaa wara,"poor speaker / liar, fibber",jahah wahrah,phrase
djaaboort,dumb,jahahboort,adjective
djaat,"tell off, to be / told off / york gum",jahaht,phrase
djabalariny,falling,jahbahlahreeny,verb
djabooly-djabooly,swimming (splash of object in water),jahbooly-jahbooly,verb
djadoolook,night,jahdoolook,noun
djakaroong,break (to),jahkahroong,verb
djakoorliny,running,jahkoorleeny,verb
djalanginy,following,jahlahngeeny,verb
djaliny,listening,jahleeny,verb
djalkat,"rabbit bandicoot, bilby",jahlkaht,noun
djalyil,"fungus, small (can be eaten)",jahlyeel,adjective
djanak,"evil spirit, devil",jahnahk,noun
djandang,climb,jahndahng,noun
djandanginy,climbing,jahndahngeeny,verb
djapi,vagina,jahpee,noun
djarabarn,squeaker (bird),jahrahbahrn,noun
djaraboort,dumb,jahrahboort,adjective
djaranginy,pouring,jahrahngeeny,verb
djarat,"fair, light in colour",jahraht,noun
djarbal,square of bark used in play,jahrbahl,noun
djarbiny,entering,jahrbeeny,verb
djardak,white clay,jahrdahk,noun
djardoon boodjera,uneven ground,jahrdoon boojehrah,noun
djari,flour,jahree,noun
djaril-mari,forest,jahreel-mahree,noun
djarlboo,pouch,jahrlboo,noun
djarliny,"flame, (tongue of flame)",jahrleeny,noun
djarlyininy,go swiftly,jahrlyeeneeny,verb
djart,"setting sun, falling rain",jahrt,verb
djel,only,jehl,noun
djen,foot,jehn,noun
djen bwoka,shoe,jehn bwokah,noun
djen koodjal,two feet,jehn koojahl,noun
djen-djen,two feet,jehn-jehn,noun
djena,feet,jehnah,noun
djena bwoka,shoes,jehnah bwokah,noun
djena-wirdo,"feet, tired and finished",jehnah-weerdo,noun
djenak,"devil, evil spirit",jehnahk,noun
djendal,grey,jehndahl,adjective
djendaladi,white haired,jehndahlahdee,adjective
djendalak,grey haired,jehndahlahk,adjective
djerabiny,romantically keen on a person of the opposite sex,jehrahbeeny,noun
djerap-djerap,happy,jehrahp-jehrahp,adjective
djeri,flour,jehree,noun
djeroong,"fat, handsome, greasy",jehroong,adjective
djet,lower (type of),jeht,adjective
djeyin,beer,jehyeen,noun
dji,brief time (a moment),jee,noun
djidar,"daylight, dawn of morning",jeedahr,verb
djidi-djidi,willy wagtail,jeedee-jeedee,noun
djidily,grasshopper,jeedeely,noun
djiditj,spitting,jeedeetj,verb
djidong,lizard (small) / limestone,jeedong,phrase
djilba,bream (fish),jeelbah,noun
djildjit,fish,jeeljeet,noun
djilki,similar to marron but a lot smaller in size (lives in fresh water),jeelkee,verb
djilyaa,honey and water drink,jeelyahah,noun
djilybar,cuckoo (a bird who steals from other birds nests),jeelybahr,noun
djimba,giant ogre,jeembah,noun
djimbari,flint spear,jeembahree,noun
djin-djin,good spirit,jeen-jeen,adjective
djinakarbi,featherfoot,jeenahkahrbee,noun
djinang,"look, see",jeenahng,noun
djinang kadadjiny,see and understand,jeenahng kahdahjeeny,verb
djinanginy,"looking, seeing it",jeenahngeeny,verb
djinarniny,bronchitis cough,jeenahrneeny,noun
djinda,star,jeendah,noun
djindang,star,jeendahng,noun
djindely,grey,jeendehly,adjective
djindoon,stars,jeendoon,noun
djint,eyebrows,jeent,noun
djiral,grass (that grows around the base of a jarrah tree),jeerahl,noun
djirang,fat,jeerahng,adjective
djirap,dandelion grass,jeerahp,noun
djiri,scabs,jeeree,noun
djirnt,lice eggs,jeernt,noun
djirp,dandelion grass,jeerp,noun
djiyak,cherry,jeeyahk,noun
djobooly djobooly,belly sloshing with liquid,jobooly jobooly,verb
djok,wild potato,jok,noun
djol,wild potato,jol,noun
djonany kariny,test or try,jonahny kahreeny,noun
djoobak,wild potato,joobahk,noun
djoobily,splash of an object in the water,joobeely,noun
djoodiny,kangaroo embryo,joodeeny,noun
djooditj,wild cat,joodeetj,noun
djook,"sister, cousin",jook,noun
djookanka,sisters,jookahnkah,noun
djookin,"sister, cousin",jookeen,noun
djookinyan,"sister, cousin",jookeenyahn,noun
djookoorniny,"pulling, to place",jookoorneeny,verb
djookool,"dry, unpalatable",jookool,noun
djool,flour,jool,noun
djoolbar,gum which is eaten,joolbahr,noun
djooly,misty rain,jooly,noun
djoombar,"hair, body hair",joombahr,noun
djoony-djoony,intercourse,joony-joony,noun
djoorabiny,romantically keen on a person of the opposite sex,joorahbeeny,noun
djoorlib,covering worn around the waist,joorleeb,verb
djoornak,skin of an animal,joornahk,noun
djoornt,star (s),joornt,noun
djooroobidiny,go along happily,jooroobeedeeny,noun
djoorool,"track, path",joorool,verb
djoorp,kidney,joorp,noun
djoowak,proceeding or following generation,joowahk,verb
djoowi,owl (tawny frog mouth),joowee,noun
djoriny,eating,joreeny,verb
djorlkoorl,spotted goanna,jorlkoorl,noun
djort,wart,jort,noun
djowily,oh shame !,joweely,phrase
djowiny,hair,joweeny,noun
djowiny mondar,pubic hair,joweeny mondahr,noun
dombart,lonely,dombahrt,adjective
dongkarak,wattle bird,dongkahrahk,noun
doniny,"done, having done",doneeny,verb
doobakiny,go slow,doobahkeeny,noun
doobarda,species of banksia flower,doobahrdah,adjective
doodja,heat of the sun,doojah,noun
doodjadona,heat of the sun,doojahdonah,noun
doodjarak,song,doojahrahk,noun
dooka,dust,dookah,noun
dookaniny,"close to, coming close to",dookahneeny,verb
dookatj,clever person / snake (brown),dookahtj,phrase
dookern,cook,dookehrn,noun
dookerniny,cooking,dookehrneeny,verb
dookoonor,cooked,dookoonor,noun
dooly,"fog, misty rain",dooly,noun
doolyaa,big leaves,doolyahah,adjective
doomboo,womb,doomboo,noun
doomboon,cave,doomboon,noun
doorditj,hit,doordeetj,noun
doorloop,form of clothing,doorloop,verb
doomart,parrot (twenty eight),doomahrt,noun
doondak,brains,doondahk,noun
dorditj,mallee (white),dordeetj,noun
dordok,pigs,dordok,noun
dori,knocking,doree,verb
dowak,throwing stick,dowahk,verb
dwangk,ear,dwahngk,noun
dwankaboort,deaf (without hearing),dwahnkahboort,verb
dwarnart,parrot (twenty eight),dwahrnahrt,noun
dwert,dog,dwehrt,noun
dwert kooniny,puppy,dwehrt kooneeny,noun
dwert mokiny,dingo,dwehrt mokeeny,verb
kaa,call of barn owl,kahah,noun
kaat,head,kahaht,noun
kaada werta,across,kahahdah wehrtah,adverb
kaadaniny,"listening, thinking",kahahdahneeny,verb
kaany,"ant (little, red, stinging)",kahahny,verb
kaanya,"shame, shy, embarrassed",kahahnyah,adjective
kaarang,very angry,kahahrahng,adjective
kaat badarbiny,thinking?,kahaht bahdahrbeeny,phrase
kaat birlowiny,head (bald),kahaht beerloweeny,noun
kaat darabiny,what are you thinking?,kahaht dahrahbeeny,phrase
kaat djooloor,skull (head bone),kahaht jooloor,noun
kaat djoomber,hair on head,kahaht joombehr,noun
kaat wara,mad / mad in the head,kahaht wahrah,phrase
kaat warabiny,going mad,kahaht wahrahbeeny,verb
kaawar,parrot (small and purple),kahahwahr,adjective
kabap,witch doctor (healer),kahbahp,noun
kabarli,woman (old),kahbahrlee,adjective
kabikoordak,dry (thirsty),kahbeekoordahk,noun
kaboorl,"stomach, guts",kahboorl,noun
kada kada,"untrue, lying",kahdah kahdah,verb
kadadjiny,"thinking, listening, learning",kahdahjeeny,verb
kadaminy,going quickly,kahdahmeeny,verb
kadamordo,Darling Ranges,kahdahmordo,verb
kadidja-kadidja,itching,kahdeejah-kahdeejah,verb
kadiny,"thinking about, to think",kahdeeny,verb
kaditj,"think (to), reflect (to)",kahdeetj,noun
kadjali,long way off,kahjahlee,noun
kadjan,persons soul,kahjahn,noun
kadjininy,"hearing, understanding, knowing",kahjeeneeny,verb
kakarook,dance,kahkahrook,verb
kalari,lizard (frilled dragon),kahlahree,noun
kalbiri,wild berries (sweet to suck when ripe),kahlbeeree,verb
kalil,home,kahleel,noun
kalkada,mullet (fish),kahlkahdah,noun
kalyakool,always,kahlyahkool,adverb
kalyang,gum of wattle tree,kahlyahng,noun
kalyat,cheeks,kahlyaht,noun
kalyogool,"forever, continually",kahlyogool,adverb
kamak,"berry (purple fruit, sweet to suck, sour to bite when green)",kahmahk,verb
kambany,owl (frogmouth),kahmbahny,noun
kanana,land where the sun sets,kahnahnah,noun
kanangoor,"adorn, shining",kahnahngoor,verb
kanidjoogoo,stand friendly,kahneejoogoo,verb
kany,one,kahny,numeral
kanya,"shame, (shame on you)",kahnyah,interjection
kanyiny,keeping,kahnyeeny,verb
kap,"water, liquor",kahp,noun
kap wari,water standing in a pool,kahp wahree,verb
kapi,water,kahpee,noun
kar,spider (trap door) / spiders,kahr,phrase
kar mart,trap door spider's path,kahr mahrt,noun
karak,black feathers,kahrahk,noun
karang,angry,kahrahng,adjective
karangabiny,being or becoming very angry,kahrahngahbeeny,verb
kard,hill,kahrd,noun
karda,hills,kahrdah,noun
karda werda,across,kahrdah wehrdah,adverb
kardabardak,ant (black stinging),kahrdahbahrdahk,verb
kardan,red gum tree,kahrdahn,noun
kardang,"third son, third finger",kahrdahng,verb
kardar,race horse (goanna),kahrdahr,verb
kardidi,thin,kahrdeedee,noun
kardil,tree from which shields are made,kahrdeel,noun
kardjat,meat ant,kahrjaht,noun
karirt,cut (to),kahreert,noun
karl,fire,kahrl,noun
kari boom,fire wood,kahree boom,noun
kari boyi,fire smoke,kahree boyee,noun
karla,camp fire,kahrlah,noun
karla koorliny,return to camp,kahrlah koorleeny,verb
karla woorliny,getting hot,kahrlah woorleeny,verb
karlak,"camp, home",kahrlahk,noun
karlamarta,firestick,kahrlahmahrtah,noun
karlang,"hot, to make hot",kahrlahng,verb
karlboori,berry (white with black seeds),kahrlbooree,noun
karlerl,camping place,kahrlehrl,verb
karli,boomerang,kahrlee,noun
karlmoorl,firestick,kahrlmoorl,noun
karnant,trustworthy,kahrnahnt,adjective
karnarn,truth (to tell the truth) / speak truly,kahrnahrn,phrase
karni,true.,kahrnee,adjective
karni wangkiny,telling the truth,kahrnee wahngkeeny,verb
kamitj,yes,kahmeetj,interjection
karradjool,troublesome,kahrahjool,adjective
kart,hill,kahrt,noun
kart darabiny,thinking about,kahrt dahrahbeeny,verb
katj,hammer,kahtj,noun
kawart,parakeet,kahwahrt,noun
kawiny,laughing,kahweeny,verb
kawit,eldest girl,kahweet,noun
kawoon,"wine, beer",kahwoon,noun
kawoor,purple crowned lorikeet,kahwoor,noun
kaya,yes,kahyah,interjection
kayili,"boomerang (throwing weapon, flat, curved)",kahyeelee,verb
kayirbida-kayirbida,hurry up,kahyeerbeedah-kahyeerbeedah,phrase
keba,"beer, wine",kehbah,noun
keba nganiny,drinking wine,kehbah ngahneeny,verb
kebitj,running water,kehbeetj,verb
kedala,day,kehdahlah,noun
kedalak,night time,kehdahlahk,adverb
kelang,possum (male),kehlahng,noun
kendak,that's enough,kehndahk,phrase
keniny,wind blowing dust,kehneeny,verb
keny,one,kehny,numeral
kenyak,that's enough,kehnyahk,phrase
kenyak yey,that's enough for now,kehnyahk yehy,phrase
kep,water,kehp,noun
kep birbininy,squirting water,kehp beerbeeneeny,verb
kep boort,without water,kehp boort,noun
kep boroonginy,raining heavily,kehp boroongeeny,verb
kep koorliny,rain coming,kehp koorleeny,verb
kep midjal,rain water,kehp meejahl,noun
kep midjaliny,raining heavily,kehp meejahleeny,verb
kep wari,water standing in a pool,kehp wahree,verb
kep yoonga,give me water,kehp yoongah,phrase
kerdiba,quickly,kehrdeebah,adjective
kerl,boomerang,kehrl,noun
kert-kert,"swiftly, quickly, hurry up",kehrt-kehrt,phrase
kelj,spear (glass headed),kehlj,noun
kibilyang,"greasy, sweaty, body odour",keebeelyahng,adjective
kidja woorliny,bony,keejah woorleeny,adjective
kidji,"and, also, too",keejee,conjunction
kil-kil,"plover, wading bird",keel-keel,verb
kiny,nothing,keeny,verb
kir,smoke,keer,noun
kirlar,bull ant (sergeant),keerlahr,noun
kirlirl,bull ant (sergeant),keerleerl,noun
kirni,you don't say!,keernee,phrase
kitj,spear (glass headed spear),keetj,noun
koboorl,"stomach, guts",koboorl,noun
koboorl djoorla,thin one,koboorl joorlah,noun
koboorl djopooly,belly sloshing with liquid,koboorl jopooly,verb
koboorl doonyit,full stomach,koboorl doonyeet,noun
koboorl koort,fat one,koboorl koort,adjective
koboorl wirt,hungry,koboorl weert,adjective
kobori,dance,koboree,verb
koobar,"funny, comical",koobahr,adjective
kolbang,go forward,kolbahng,noun
kongal,south,kongahl,adverb
kongk,"aunty, uncle",kongk,noun
kooba wangkiny,speaking well,koobah wahngkeeny,verb
kooburniny,big,kooboorneeny,adjective
koobidak,"good, pretty",koobeedahk,adjective
koobidja,smallest child,koobeejah,adjective
kooda,carry bag,koodah,verb
kool,lice,kool,noun
koolboo,cough,koolboo,noun
koolmir,whooping cough,koolmeer,verb
kooloot,hip,kooloot,noun
kooly,sleep in eyes,kooly,noun
koon,"ahead, in front of",koon,adverb
koonak,similar to marron but a lot smaller in size (lives in fresh water dams),koonahk,verb
kooda mart,sweetheart,koodah mahrt,noun
kooda-kooda,carry bag,koodah-koodah,verb
koodadjinong,"seek, understand",koodahjeenong,verb
koodjal,two,koojahl,numeral
koodjat,"mallee roots, mallee nuts",koojaht,noun
koodji,bony,koojee,adjective
koodjir,"and, also",koojeer,conjunction
koodjookat,"ahead, in front of",koojookaht,adverb
koodjoori,sleep in eyes,koojooree,interjection
kooka-kooka,laughing jackass,kookah-kookah,verb
kookendjeri,sheep,kookehnjehree,noun
kookooniny,lice,kookooneeny,noun
kool wardiny,de louse,kool wahrdeeny,noun
koolark,home,koolahrk,noun
koolbar,parched ground,koolbahr,adjective
koolbardayong,my relatives,koolbahrdahyong,noun
koolbardi,magpie,koolbahrdee,noun
koolbool,beautiful (to make oneself),koolbool,verb
kooldji,hip,kooljee,noun
koolyabarak,mud-lark,koolyahbahrahk,noun
koolyir,"fog, mist",koolyeer,noun
koolymitj,"pretend, deceive",koolymeetj,verb
koolyoomitj,"pretending to be asleep / to tell lies, to deceive",koolyoomeetj,phrase
koomal,female possum,koomahl,noun
koomba,big,koombah,adjective
koombarmert,many,koombahrmehrt,adjective
koombininy,urinating,koombeeneeny,verb
koomool,female possum,koomool,noun
koomp,urine,koomp,noun
koonang,wild potato,koonahng,noun
koonanginy,afraid,koonahngeeny,adjective
koonart,acacia tree (seeds pounded for making damper),koonahrt,verb
koondarn,dream,koondahrn,noun
koondarnangor,thunder,koondahrnahngor,noun
koondart,cloud,koondahrt,noun
koondi,"stick (fairly large and heavy, used as a weapon for killing animals for food)",koondee,verb
koonga maya,hut on hillside,koongah mahyah,noun
koongat,shoulders,koongaht,noun
kooniny wora,young child,kooneeny worah,adjective
kooniny yara,bad (defecating),kooneeny yahrah,verb
koont,pregnant (to be with young),koont,verb
koonyang,pus from boil,koonyahng,noun
koonyat,palate of mouth,koonyaht,noun
koonyi,child (only child in the family),koonyee,noun
koop,band of possum hair worn around the head,koop,noun
koora,good,koorah,adjective
kooraa,"before, long ago",koorahah,adverb
koorak,parrot (smoker),koorahk,noun
kooralang,type of bush tucker,koorahlahng,noun
koorang,long ago,koorahng,adverb
kooranginy,bird (smoker),koorahngeeny,noun
koorantj,rubbing together,koorahntj,verb
kooranyak,embarrassed,koorahnyahk,adjective
koorart,stand clear,koorahrt,phrase
koorawooriny,short,koorahwooreeny,adjective
koorawoorliny,jovial person,koorahwoorleeny,adjective
koorbon,exclamation of surprise,koorbon,interjection
koorda mart,frost,koordah mahrt,noun
koordaboodjor,sweetheart,koordahboojor,noun
koordak,"heartland, island",koordahk,noun
koordany,longing for,koordahny,verb
koorden,"shame, shy",koordehn,adjective
koordidjiny,gum tree (red),koordeejeeny,noun
koordiny,throwing a spear,koordeeny,verb
koordoomitj,carrot ,koordoomeetj,noun
koordoop,heart / soul,koordoop,phrase
koorin,eagle ,kooreen,noun
koorl,bush,koorl,noun
koorlang,smoke,koorlahng,noun
koorlangka,child,koorlahngkah,noun
koorlboorli,children / behind,koorlboorlee,phrase
koorliny,"movement (walking, coming, going)",koorleeny,verb
koorlmerabiny,becoming shy,koorlmehrahbeeny,verb
koorlong mandi,uninitiated youth,koorlong mahndee,noun
koorlongka,youth,koorlongkah,noun
koornaminy,when man and woman meet,koornahmeeny,noun
koorndany,"shy, without shame",koorndahny,adjective
koorni,perspiration,koornee,noun
koonkar,anyhow,koonkahr,noun
kooroom,good boy,kooroom,adjective
kooroop,berry (sweet fruit on a vine),kooroop,noun
koowin,"girl, heart, spouse",kooween,noun
kooyar,heartbeat (continuous),kooyahr,noun
kop,charcoal,kop,noun
koort,edible root,koort,noun
koowan,backside,koowahn,noun
koyar,frog,koyahr,noun
kwan,anus / backside,kwahn,phrase
kwardiny,wild carrot,kwahrdeeny,noun
kwart,kangaroo skin,kwahrt,noun
kwedjang,"long time ago, olden times",kwehjahng,adjective
kwel,sheoak tree,kwehl,noun
kwelak,hip bone / pelvis,kwehlahk,phrase
kwenda,bandicoot,kwehndah,noun
kwer,wallaby (brushtail),kwehr,noun
kwernt,bandicoot,kwehrnt,noun
kwetj,"bone, stone axe",kwehtj,noun
kweyiny,frightened,kwehyeeny,adjective
kwibidji,escape,kweebeejee,verb
kwidi,wait,kweedee,verb
kwidjang,long time ago,kweejahng,noun
kwidjar,frog,kweejahr,noun
kwila,shark,kweelah,noun
kwilena,porpoise,kweelehnah,noun
kwilk,pelvis,kweelk,noun
kwilya,"tell lies, to lie",kweelyah,verb
kwinda,bandicoot,kweendah,noun
kwiya,frog,kweeyah,noun
kwobidak,"good, pretty",kwobeedahk,adjective
kwoka,wallaby,kwokah,noun
kwolak,grain,kwolahk,noun
kwoliny,wrist,kwoleeny,noun
kwonding,quandong,kwondeeng,noun
kwongkan,sand plain,kwongkahn,noun
kwont,shelter similar to Indian teepee but made with branches or bags,kwont,verb
kwoola,mullet,kwoolah,noun
kwoora,wallaby (brush-tail),kwoorah,noun
kwooyar,frog,kwooyahr,noun
kwop,good,kwop,adjective
kwop wangkiny,speaking well,kwop wahngkeeny,verb